<?xml version="1.0" encoding="UTF-8"?>
<module external.linked.project.id=":app" external.linked.project.path="$MODULE_DIR$" external.root.project.path="$MODULE_DIR$/.." external.system.id="GRADLE" external.system.module.group="Build-it-bigger-master" external.system.module.version="unspecified" type="JAVA_MODULE" version="4">
  <component name="FacetManager">
    <facet type="android-gradle" name="Android-Gradle">
      <configuration>
        <option name="GRADLE_PROJECT_PATH" value=":app" />
      </configuration>
    </facet>
    <facet type="android" name="Android">
      <configuration>
        <option name="SELECTED_BUILD_VARIANT" value="freeDebug" />
        <option name="SELECTED_TEST_ARTIFACT" value="_android_test_" />
        <option name="ASSEMBLE_TASK_NAME" value="assembleFreeDebug" />
        <option name="COMPILE_JAVA_TASK_NAME" value="compileFreeDebugSources" />
        <afterSyncTasks>
          <task>generateFreeDebugSources</task>
        </afterSyncTasks>
        <option name="ALLOW_USER_CONFIGURATION" value="false" />
        <option name="MANIFEST_FILE_RELATIVE_PATH" value="/src/main/AndroidManifest.xml" />
        <option name="RES_FOLDER_RELATIVE_PATH" value="/src/main/res" />
        <option name="RES_FOLDERS_RELATIVE_PATH" value="file://$MODULE_DIR$/src/main/res;file://$MODULE_DIR$/src/free/res" />
        <option name="ASSETS_FOLDER_RELATIVE_PATH" value="/src/main/assets" />
      </configuration>
    </facet>
  </component>
  <component name="NewModuleRootManager" LANGUAGE_LEVEL="JDK_1_7" inherit-compiler-output="false">
    <output url="file://$MODULE_DIR$/build/intermediates/classes/free/debug" />
    <output-test url="file://$MODULE_DIR$/build/intermediates/classes/test/free/debug" />
    <exclude-output />
    <content url="file://$MODULE_DIR$">
      <sourceFolder url="file://$MODULE_DIR$/build/generated/source/r/free/debug" isTestSource="false" generated="true" />
      <sourceFolder url="file://$MODULE_DIR$/build/generated/source/aidl/free/debug" isTestSource="false" generated="true" />
      <sourceFolder url="file://$MODULE_DIR$/build/generated/source/buildConfig/free/debug" isTestSource="false" generated="true" />
      <sourceFolder url="file://$MODULE_DIR$/build/generated/source/rs/free/debug" isTestSource="false" generated="true" />
      <sourceFolder url="file://$MODULE_DIR$/build/generated/res/rs/free/debug" type="java-resource" />
      <sourceFolder url="file://$MODULE_DIR$/build/generated/res/resValues/free/debug" type="java-resource" />
      <sourceFolder url="file://$MODULE_DIR$/src/freeDebug/res" type="java-resource" />
      <sourceFolder url="file://$MODULE_DIR$/src/freeDebug/resources" type="java-resource" />
      <sourceFolder url="file://$MODULE_DIR$/src/freeDebug/assets" type="java-resource" />
      <sourceFolder url="file://$MODULE_DIR$/src/freeDebug/aidl" isTestSource="false" />
      <sourceFolder url="file://$MODULE_DIR$/src/freeDebug/java" isTestSource="false" />
      <sourceFolder url="file://$MODULE_DIR$/src/freeDebug/jni" isTestSource="false" />
      <sourceFolder url="file://$MODULE_DIR$/src/freeDebug/rs" isTestSource="false" />
      <sourceFolder url="file://$MODULE_DIR$/src/freeDebug/shaders" isTestSource="false" />
      <sourceFolder url="file://$MODULE_DIR$/build/generated/source/r/androidTest/free/debug" isTestSource="true" generated="true" />
      <sourceFolder url="file://$MODULE_DIR$/build/generated/source/aidl/androidTest/free/debug" isTestSource="true" generated="true" />
      <sourceFolder url="file://$MODULE_DIR$/build/generated/source/buildConfig/androidTest/free/debug" isTestSource="true" generated="true" />
      <sourceFolder url="file://$MODULE_DIR$/build/generated/source/rs/androidTest/free/debug" isTestSource="true" generated="true" />
      <sourceFolder url="file://$MODULE_DIR$/build/generated/res/rs/androidTest/free/debug" type="java-test-resource" />
      <sourceFolder url="file://$MODULE_DIR$/build/generated/res/resValues/androidTest/free/debug" type="java-test-resource" />
      <sourceFolder url="file://$MODULE_DIR$/src/testFreeDebug/res" type="java-test-resource" />
      <sourceFolder url="file://$MODULE_DIR$/src/testFreeDebug/resources" type="java-test-resource" />
      <sourceFolder url="file://$MODULE_DIR$/src/testFreeDebug/assets" type="java-test-resource" />
      <sourceFolder url="file://$MODULE_DIR$/src/testFreeDebug/aidl" isTestSource="true" />
      <sourceFolder url="file://$MODULE_DIR$/src/testFreeDebug/java" isTestSource="true" />
      <sourceFolder url="file://$MODULE_DIR$/src/testFreeDebug/jni" isTestSource="true" />
      <sourceFolder url="file://$MODULE_DIR$/src/testFreeDebug/rs" isTestSource="true" />
      <sourceFolder url="file://$MODULE_DIR$/src/testFreeDebug/shaders" isTestSource="true" />
      <sourceFolder url="file://$MODULE_DIR$/src/free/res" type="java-resource" />
      <sourceFolder url="file://$MODULE_DIR$/src/free/resources" type="java-resource" />
      <sourceFolder url="file://$MODULE_DIR$/src/free/assets" type="java-resource" />
      <sourceFolder url="file://$MODULE_DIR$/src/free/aidl" isTestSource="false" />
      <sourceFolder url="file://$MODULE_DIR$/src/free/java" isTestSource="false" />
      <sourceFolder url="file://$MODULE_DIR$/src/free/jni" isTestSource="false" />
      <sourceFolder url="file://$MODULE_DIR$/src/free/rs" isTestSource="false" />
      <sourceFolder url="file://$MODULE_DIR$/src/free/shaders" isTestSource="false" />
      <sourceFolder url="file://$MODULE_DIR$/src/testFree/res" type="java-test-resource" />
      <sourceFolder url="file://$MODULE_DIR$/src/testFree/resources" type="java-test-resource" />
      <sourceFolder url="file://$MODULE_DIR$/src/testFree/assets" type="java-test-resource" />
      <sourceFolder url="file://$MODULE_DIR$/src/testFree/aidl" isTestSource="true" />
      <sourceFolder url="file://$MODULE_DIR$/src/testFree/java" isTestSource="true" />
      <sourceFolder url="file://$MODULE_DIR$/src/testFree/jni" isTestSource="true" />
      <sourceFolder url="file://$MODULE_DIR$/src/testFree/rs" isTestSource="true" />
      <sourceFolder url="file://$MODULE_DIR$/src/testFree/shaders" isTestSource="true" />
      <sourceFolder url="file://$MODULE_DIR$/src/androidTestFree/res" type="java-test-resource" />
      <sourceFolder url="file://$MODULE_DIR$/src/androidTestFree/resources" type="java-test-resource" />
      <sourceFolder url="file://$MODULE_DIR$/src/androidTestFree/assets" type="java-test-resource" />
      <sourceFolder url="file://$MODULE_DIR$/src/androidTestFree/aidl" isTestSource="true" />
      <sourceFolder url="file://$MODULE_DIR$/src/androidTestFree/java" isTestSource="true" />
      <sourceFolder url="file://$MODULE_DIR$/src/androidTestFree/jni" isTestSource="true" />
      <sourceFolder url="file://$MODULE_DIR$/src/androidTestFree/rs" isTestSource="true" />
      <sourceFolder url="file://$MODULE_DIR$/src/androidTestFree/shaders" isTestSource="true" />
      <sourceFolder url="file://$MODULE_DIR$/src/debug/res" type="java-resource" />
      <sourceFolder url="file://$MODULE_DIR$/src/debug/resources" type="java-resource" />
      <sourceFolder url="file://$MODULE_DIR$/src/debug/assets" type="java-resource" />
      <sourceFolder url="file://$MODULE_DIR$/src/debug/aidl" isTestSource="false" />
      <sourceFolder url="file://$MODULE_DIR$/src/debug/java" isTestSource="false" />
      <sourceFolder url="file://$MODULE_DIR$/src/debug/jni" isTestSource="false" />
      <sourceFolder url="file://$MODULE_DIR$/src/debug/rs" isTestSource="false" />
      <sourceFolder url="file://$MODULE_DIR$/src/debug/shaders" isTestSource="false" />
      <sourceFolder url="file://$MODULE_DIR$/src/testDebug/res" type="java-test-resource" />
      <sourceFolder url="file://$MODULE_DIR$/src/testDebug/resources" type="java-test-resource" />
      <sourceFolder url="file://$MODULE_DIR$/src/testDebug/assets" type="java-test-resource" />
      <sourceFolder url="file://$MODULE_DIR$/src/testDebug/aidl" isTestSource="true" />
      <sourceFolder url="file://$MODULE_DIR$/src/testDebug/java" isTestSource="true" />
      <sourceFolder url="file://$MODULE_DIR$/src/testDebug/jni" isTestSource="true" />
      <sourceFolder url="file://$MODULE_DIR$/src/testDebug/rs" isTestSource="true" />
      <sourceFolder url="file://$MODULE_DIR$/src/testDebug/shaders" isTestSource="true" />
      <sourceFolder url="file://$MODULE_DIR$/src/main/res" type="java-resource" />
      <sourceFolder url="file://$MODULE_DIR$/src/main/resources" type="java-resource" />
      <sourceFolder url="file://$MODULE_DIR$/src/main/assets" type="java-resource" />
      <sourceFolder url="file://$MODULE_DIR$/src/main/aidl" isTestSource="false" />
      <sourceFolder url="file://$MODULE_DIR$/src/main/java" isTestSource="false" />
      <sourceFolder url="file://$MODULE_DIR$/src/main/jni" isTestSource="false" />
      <sourceFolder url="file://$MODULE_DIR$/src/main/rs" isTestSource="false" />
      <sourceFolder url="file://$MODULE_DIR$/src/main/shaders" isTestSource="false" />
      <sourceFolder url="file://$MODULE_DIR$/src/androidTest/res" type="java-test-resource" />
      <sourceFolder url="file://$MODULE_DIR$/src/androidTest/resources" type="java-test-resource" />
      <sourceFolder url="file://$MODULE_DIR$/src/androidTest/assets" type="java-test-resource" />
      <sourceFolder url="file://$MODULE_DIR$/src/androidTest/aidl" isTestSource="true" />
      <sourceFolder url="file://$MODULE_DIR$/src/androidTest/java" isTestSource="true" />
      <sourceFolder url="file://$MODULE_DIR$/src/androidTest/jni" isTestSource="true" />
      <sourceFolder url="file://$MODULE_DIR$/src/androidTest/rs" isTestSource="true" />
      <sourceFolder url="file://$MODULE_DIR$/src/androidTest/shaders" isTestSource="true" />
      <sourceFolder url="file://$MODULE_DIR$/src/test/res" type="java-test-resource" />
      <sourceFolder url="file://$MODULE_DIR$/src/test/resources" type="java-test-resource" />
      <sourceFolder url="file://$MODULE_DIR$/src/test/assets" type="java-test-resource" />
      <sourceFolder url="file://$MODULE_DIR$/src/test/aidl" isTestSource="true" />
      <sourceFolder url="file://$MODULE_DIR$/src/test/java" isTestSource="true" />
      <sourceFolder url="file://$MODULE_DIR$/src/test/jni" isTestSource="true" />
      <sourceFolder url="file://$MODULE_DIR$/src/test/rs" isTestSource="true" />
      <sourceFolder url="file://$MODULE_DIR$/src/test/shaders" isTestSource="true" />
      <excludeFolder url="file://$MODULE_DIR$/build/intermediates/assets" />
      <excludeFolder url="file://$MODULE_DIR$/build/intermediates/blame" />
      <excludeFolder url="file://$MODULE_DIR$/build/intermediates/bundles" />
      <excludeFolder url="file://$MODULE_DIR$/build/intermediates/classes" />
      <excludeFolder url="file://$MODULE_DIR$/build/intermediates/dependency-cache" />
      <excludeFolder url="file://$MODULE_DIR$/build/intermediates/exploded-aar/com.android.support/animated-vector-drawable/24.0.0-alpha1/jars" />
      <excludeFolder url="file://$MODULE_DIR$/build/intermediates/exploded-aar/com.android.support/appcompat-v7/24.0.0-alpha1/jars" />
      <excludeFolder url="file://$MODULE_DIR$/build/intermediates/exploded-aar/com.android.support/design/24.0.0-alpha1/jars" />
      <excludeFolder url="file://$MODULE_DIR$/build/intermediates/exploded-aar/com.android.support/multidex-instrumentation/1.0.1/jars" />
      <excludeFolder url="file://$MODULE_DIR$/build/intermediates/exploded-aar/com.android.support/multidex/1.0.1/jars" />
      <excludeFolder url="file://$MODULE_DIR$/build/intermediates/exploded-aar/com.android.support/recyclerview-v7/24.0.0-alpha1/jars" />
      <excludeFolder url="file://$MODULE_DIR$/build/intermediates/exploded-aar/com.android.support/support-v4/24.0.0-alpha1/jars" />
      <excludeFolder url="file://$MODULE_DIR$/build/intermediates/exploded-aar/com.android.support/support-vector-drawable/24.0.0-alpha1/jars" />
      <excludeFolder url="file://$MODULE_DIR$/build/intermediates/exploded-aar/com.google.android.gms/play-services-ads/8.4.0/jars" />
      <excludeFolder url="file://$MODULE_DIR$/build/intermediates/exploded-aar/com.google.android.gms/play-services-basement/8.4.0/jars" />
      <excludeFolder url="file://$MODULE_DIR$/build/intermediates/incremental" />
      <excludeFolder url="file://$MODULE_DIR$/build/intermediates/incremental-classes" />
      <excludeFolder url="file://$MODULE_DIR$/build/intermediates/incremental-runtime-classes" />
      <excludeFolder url="file://$MODULE_DIR$/build/intermediates/incremental-safeguard" />
      <excludeFolder url="file://$MODULE_DIR$/build/intermediates/incremental-verifier" />
      <excludeFolder url="file://$MODULE_DIR$/build/intermediates/instant-run-support" />
      <excludeFolder url="file://$MODULE_DIR$/build/intermediates/jniLibs" />
      <excludeFolder url="file://$MODULE_DIR$/build/intermediates/manifests" />
      <excludeFolder url="file://$MODULE_DIR$/build/intermediates/reload-dex" />
      <excludeFolder url="file://$MODULE_DIR$/build/intermediates/res" />
      <excludeFolder url="file://$MODULE_DIR$/build/intermediates/restart-dex" />
      <excludeFolder url="file://$MODULE_DIR$/build/intermediates/rs" />
      <excludeFolder url="file://$MODULE_DIR$/build/intermediates/shaders" />
      <excludeFolder url="file://$MODULE_DIR$/build/intermediates/symbols" />
      <excludeFolder url="file://$MODULE_DIR$/build/intermediates/transforms" />
      <excludeFolder url="file://$MODULE_DIR$/build/outputs" />
      <excludeFolder url="file://$MODULE_DIR$/build/tmp" />
    </content>
    <orderEntry type="jdk" jdkName="Android API 23 Platform (1)" jdkType="Android SDK" />
    <orderEntry type="sourceFolder" forTests="false" />
    <orderEntry type="library" exported="" name="google-oauth-client-1.19.0" level="project" />
    <orderEntry type="library" exported="" name="appcompat-v7-24.0.0-alpha1" level="project" />
    <orderEntry type="library" exported="" name="jsr305-1.3.9" level="project" />
    <orderEntry type="library" exported="" name="play-services-basement-8.4.0" level="project" />
    <orderEntry type="library" exported="" name="google-api-client-1.19.0" level="project" />
    <orderEntry type="library" exported="" name="jackson-core-2.1.3" level="project" />
    <orderEntry type="library" exported="" name="design-24.0.0-alpha1" level="project" />
    <orderEntry type="library" exported="" scope="TEST" name="junit-3.8" level="project" />
    <orderEntry type="library" exported="" name="support-v4-24.0.0-alpha1" level="project" />
    <orderEntry type="library" exported="" name="multidex-1.0.1" level="project" />
    <orderEntry type="library" exported="" scope="TEST" name="hamcrest-core-1.3" level="project" />
    <orderEntry type="library" exported="" name="google-api-client-android-1.19.0" level="project" />
    <orderEntry type="library" exported="" scope="TEST" name="junit-4.12" level="project" />
    <orderEntry type="library" exported="" name="play-services-ads-8.4.0" level="project" />
    <orderEntry type="library" exported="" name="google-http-client-1.19.0" level="project" />
    <orderEntry type="library" exported="" name="backend-android-endpoints" level="project" />
    <orderEntry type="library" exported="" name="animated-vector-drawable-24.0.0-alpha1" level="project" />
    <orderEntry type="library" exported="" name="google-http-client-android-1.19.0" level="project" />
    <orderEntry type="library" exported="" name="support-vector-drawable-24.0.0-alpha1" level="project" />
    <orderEntry type="library" exported="" name="guava-jdk5-13.0" level="project" />
    <orderEntry type="library" exported="" name="google-http-client-jackson2-1.19.0" level="project" />
    <orderEntry type="library" exported="" name="recyclerview-v7-24.0.0-alpha1" level="project" />
    <orderEntry type="library" exported="" name="support-annotations-24.0.0-alpha1" level="project" />
    <orderEntry type="library" exported="" scope="TEST" name="multidex-instrumentation-1.0.1" level="project" />
    <orderEntry type="module" module-name="jokeprovider" exported="" />
    <orderEntry type="module" module-name="telljokes" exported="" />
  </component>
</module>