<?xml version="1.0" encoding="UTF-8"?>
<module external.linked.project.id="Build-it-bigger-master" external.linked.project.path="$MODULE_DIR$" external.root.project.path="$MODULE_DIR$" external.system.id="GRADLE" external.system.module.group="" external.system.module.version="unspecified" type="JAVA_MODULE" version="4">
  <component name="FacetManager">
    <facet type="java-gradle" name="Java-Gradle">
      <configuration>
        <option name="BUILD_FOLDER_PATH" value="$MODULE_DIR$/build" />
        <option name="BUILDABLE" value="false" />
      </configuration>
    </facet>
  </component>
  <component name="NewModuleRootManager" LANGUAGE_LEVEL="JDK_1_7" inherit-compiler-output="true">
    <exclude-output />
    <content url="file://$MODULE_DIR$">
      <excludeFolder url="file://$MODULE_DIR$/.gradle" />
    </content>
    <orderEntry type="inheritedJdk" />
    <orderEntry type="sourceFolder" forTests="false" />
  </component>
</module>